Ticker,RMSE,Latest_Price,Predicted_5D_Vol,Price_Lower_68,Price_Upper_68
AAPL,0.008896566267352512,254.6300048828125,0.012898168767489965,251.3457441065672,257.91426565905783
ABBV,0.009102803373786324,231.5399932861328,0.023415555791181597,226.11835565545155,236.96163091681404
ACN,0.008827671594726258,246.6000061035156,0.023193844848356644,240.88040382234686,252.31960838468433
ADBE,0.005329871997656853,352.75,0.015441043815597716,347.3031717940479,358.19682820595204
ADI,0.007376897855686875,245.6999969482422,0.0062618648966295265,244.16145676225003,247.23853713423435
ADP,0.003714761462226658,293.5,0.014046819400497436,289.377258505954,297.622741494046
AMD,0.02376096362040071,161.7899932861328,0.014217639754195988,159.4897214457568,164.09026512650883
AMGN,0.007082334649785011,282.20001220703125,0.018567460743700023,276.96027455850555,287.439749855557
AMT,0.0070217045544903635,192.32000732421875,0.01973259911993609,188.52503371694678,196.11498093149075
AMZN,0.012569182209170084,219.77999877929688,0.008249171988542303,217.96699576972486,221.5930017888689
APD,0.005251879166317993,270.92999267578125,0.010435862431862508,268.10260454355125,273.75738080801125
AXP,0.006096620787272907,341.67999267578125,-0.0010413666947583777,342.0358068404191,341.3241785111434
BA,0.008403280516298153,215.8300018310547,0.014548108897166234,212.69008346114092,218.96992020096846
BDX,0.011401270920758636,187.1699981689453,0.015005579249331297,184.361403928324,189.97859240956663
BKNG,0.0038470752409470784,5548.0,0.011607998097194011,5483.598826556768,5612.4011734432315
BLK,0.004911036066869232,1165.8699951171875,0.013709856161638945,1149.8860851809602,1181.8539050534148
BMY,0.008694569923887454,44.48854064941406,0.021309071622968127,43.54053115031437,45.43655014851375
BRK-B,0.004418788035373772,502.739990234375,0.01180262073698975,496.8063408003207,508.67363966842925
C,0.0058651816901191265,101.5,0.02359234446482579,99.10537703682017,103.89462296317983
CAT,0.00724186275040269,477.1499938964844,0.004804126320909,474.8577050517847,479.4422827411841
CB,0.005399383764182567,282.25,0.011978704529784653,278.86901064646827,285.6309893535317
CI,0.012601406864889057,288.25,0.024602787149331774,281.15824660420515,295.34175339579485
CL,0.004739516631644855,79.94000244140625,0.014727246447978029,78.76270632439969,81.1172985584128
COP,0.006465755091742863,98.4800033569336,0.018219785858561474,96.68571878441985,100.27428792944734
CRM,0.0063456343650934175,237.0,0.02314720047113678,231.51411348834057,242.48588651165943
CSCO,0.00593491027505664,68.00933837890625,0.009833584480534296,67.34056280449204,68.67811395332048
CSX,0.006832535670556583,35.5099983215332,0.011911764992115721,35.08701156665668,35.93298507640973
CVS,0.007616328622043104,75.38999938964844,0.015825067009496308,74.19694759746137,76.58305118183551
CVX,0.006480592020300094,155.2899932861328,0.016831431726345096,152.6762403663527,157.90374620591297
DE,0.010238815139700803,457.260009765625,0.02153052917303196,447.4149597857053,467.1050597455446
DHR,0.01036693768210049,198.25999450683597,0.0265585435007287,192.99449781827192,203.5254911954
DUK,0.00568552683446274,123.75,0.013336473047536393,122.09961146036737,125.40038853963264
ELV,0.012567835440320464,323.1199951171875,0.027678713619098294,314.1764493077344,332.0635409266406
EQIX,0.008199174764081931,783.239990234375,0.018954185369332403,768.3943142707986,798.0856661979515
ETN,0.007624316406493484,374.25,0.01370959706038733,369.11918330015004,379.38081669984996
GE,0.00575395178021513,300.82000732421875,0.00815858615097318,298.36574137852773,303.27427326990977
GILD,0.010252843987370272,111.0,0.019786087351058426,108.8037443040325,113.1962556959675
GM,0.01766695600373673,60.970001220703125,0.034721475666137924,58.85303280695408,63.08696963445216
GOOG,0.009654933568422449,243.5500030517578,0.005603909657198508,242.18517083764536,244.91483526587027
GOOGL,0.009676841325925353,243.1000061035156,0.00538923646046352,241.78988268708363,244.41012951994756
GS,0.01131682495398,796.3499755859375,0.005073977016658342,792.309314112598,800.390637059277
HD,0.006542224203317171,405.1900024414063,0.011027886381011355,400.72161313176076,409.65839175105185
HON,0.006336731382291446,210.5,0.013767004078190995,207.6020456415408,213.3979543584592
IBM,0.007012335252496203,282.1600036621094,0.01861676286322861,276.9070977844442,287.41290953977455
INTC,0.028269303441288703,33.54999923706055,0.03264793201849258,32.45466114274851,34.64533733137257
INTU,0.01055661454219432,682.9099731445312,0.023334811421529465,666.9743977033219,698.8455485857406
ISRG,0.010142366751266797,447.2300109863281,0.017563740217101546,439.37497925607283,455.0850427165835
JNJ,0.008745202956185204,185.4199981689453,0.018850445513740016,181.92474859630383,188.91524774158677
JPM,0.005135592413701001,313.90386962890625,0.00818961369437577,311.3331181994758,316.4746210583367
KO,0.0032965722829746695,65.66999816894531,0.00967437825351205,65.03468176675149,66.30531457113914
LIN,0.004222979229166639,475.0,0.00922377210946385,470.6187082480046,479.3812917519954
LMT,0.012885889152539838,499.2099914550781,0.02197194277089244,488.24137809216944,510.1786048179868
LOW,0.00624906543571199,251.30999755859372,0.013843044382473087,247.83110210863092,254.78889300855653
MCD,0.004462107632154681,303.8900146484375,0.008856747664298253,301.19853747099637,306.58149182587863
MDLZ,0.005779180095918166,62.470001220703125,0.013190228444267864,61.646007633688356,63.29399480771789
MDT,0.0065803750769494,95.23999786376952,0.0159396600613188,93.72190467358031,96.75809105395874
META,0.01308370327145238,734.3800048828125,0.01827798016542889,720.9570217196768,747.8029880459482
MMC,0.004624824931421465,200.62892150878903,0.003980681074966894,199.83028175784798,201.4275612597301
MO,0.005575199222946215,66.05999755859375,0.012651231109711548,65.224257262373,66.8957378548145
MRK,0.00968499991438749,83.93000030517578,0.022317795406461245,82.05686772990063,85.80313288045093
MS,0.009157325401647596,158.9600067138672,0.004247414643423611,158.284837653632,159.6351757741024
MSFT,0.009843288097478241,517.9500122070312,0.0020496176630312307,516.8884127134445,519.011611700618
MU,0.009479334713318332,167.2152862548828,0.028767117636861683,162.4049844445071,172.02558806525855
NEE,0.00777849049411597,75.48999786376953,0.01981264163995227,73.99434158869391,76.98565413884515
NFLX,0.0054344386404530515,1198.9200439453125,0.017861249078939184,1177.5058344146726,1220.3342534759524
NOW,0.012580191338495087,920.280029296875,0.03609412805791892,887.0633240702882,953.4967345234619
NVDA,0.007722045493525554,186.5800018310547,0.01591924505632123,183.60978905929727,189.5502146028121
PEP,0.004121406498748484,140.44000244140625,0.01233942878606769,138.70705303256534,142.17295185024716
PG,0.003395270395941354,153.64999389648438,0.009635245093646013,152.16953854665454,155.13044924631424
PLD,0.006812215052255218,114.5199966430664,0.014408223114420263,112.86996698037045,116.17002630576236
PM,0.004949305440270102,160.6900634765625,0.015448140352066911,158.20770082279404,163.172426130331
PNC,0.0038303643457422657,200.92999267578125,0.014021901749440527,198.11257205996566,203.74741329159684
PYPL,0.007632857018452209,67.05999755859375,0.024973076938471714,65.38530308006926,68.73469203711824
QCOM,0.010185454150434264,166.36000061035156,0.013972849385976371,164.0354773779722,168.68452384273093
REGN,0.007560137963617776,562.27001953125,0.022549777041196976,549.5909559538709,574.9490831086291
RTX,0.007911666664621028,167.3300018310547,0.014790860302461566,164.85504714956093,169.80495651254844
SCHW,0.01415209302504216,95.47000122070312,0.007791043547592455,94.72619028370393,96.21381215770234
SHW,0.006836711107292742,346.260009765625,0.012681934493494376,341.8687630040606,350.65125652718933
SO,0.0026055447119790985,94.7699966430664,0.011004433616576808,93.72710650616457,95.81288677996824
SPGI,0.00924187127364966,486.7099914550781,0.01290445031528747,480.4292665523921,492.9907163577642
SYK,0.005671182038929472,369.6700134277344,0.011738818132053852,365.3305243712323,374.00950248423646
T,0.006562445323403802,28.239999771118164,0.01630195475266215,27.779632572634206,28.700366969602122
TGT,0.010960007818409669,89.69999694824219,0.030472847885661514,86.9665825858941,92.43341131059027
TMO,0.010543267775611513,485.0199890136719,0.022419094141076158,474.14628021967064,495.89369780767316
TSLA,0.02121533671439422,444.7200012207031,0.030944601341502898,430.9583180743358,458.48168436707044
TXN,0.010352057790693387,183.72999572753903,0.019029168256927232,180.23376672499518,187.2262247300829
UNH,0.014382788685231277,345.29998779296875,0.019945869702677158,338.41267922811414,352.1872963578233
UNP,0.006527205176871091,236.3699951171875,0.013143904830675238,233.26317039654,239.47681983783497
USB,0.005810468649042484,48.33000183105469,0.015844479132603742,47.56423812556384,49.095765536545535
V,0.0044254617266622455,341.3800048828125,0.013447683025439779,336.7892347859254,345.9707749796996
VRTX,0.02668791832333078,391.6400146484375,0.01598190586506936,385.3808608013318,397.8991684955432
VZ,0.005141800930295236,43.95000076293945,0.01564165269755992,43.26255011494806,44.63745141093085
WFC,0.006191480862351594,83.81999969482422,0.0158872791876348,82.48832795816509,85.15167143148335
WMT,0.007155311252912033,103.05999755859376,0.008751345456433898,102.15808391721929,103.96191119996824
XOM,0.0046844549081524675,112.75,0.01259407765667257,111.33001774421017,114.16998225578985
ZTS,0.009332497547017047,146.32000732421875,0.020329501163509976,143.34539456507625,149.29462008336125
